campaign_id,player_id,name,reward,assigned_at,redeemed
1,843,VIP Reward,76.32,2025-03-20 03:09:14,0
2,117,Free Spins,98.89,2025-02-08 03:24:13,0
3,292,Welcome Bonus,17.87,2024-05-22 14:19:31,1
4,785,Free Spins,52.72,2024-06-22 17:02:23,1
5,-1,Free Spins,5.59,2025-03-17 14:00:20,0
6,529,Free Spins,68.23,2025-02-05 10:43:46,0
7,156,VIP Reward,80.53,2024-11-22 05:34:45,0
8,52,Free Spins,38.66,2024-07-25 09:51:47,0
9,267,Free Spins,95.11,2024-07-23 00:49:23,1
10,506,Free Spins,51.62,2024-08-09 09:38:03,1
11,439,Cashback Offer,19.78,2025-04-09 02:53:51,1
12,583,Welcome Bonus,70.27,2025-01-17 09:19:46,0
13,865,VIP Reward,25.67,2024-08-30 03:07:53,0
14,894,Cashback Offer,42.35,2024-08-14 14:07:55,0
15,355,Cashback Offer,88.57,2024-04-25 09:08:49,1
16,893,Cashback Offer,26.67,2024-11-25 12:29:34,1
17,119,VIP Reward,49.52,2024-04-22 10:05:22,1
18,36,Welcome Bonus,38.14,2024-09-16 06:05:16,0
19,300,Welcome Bonus,96.43,2024-09-30 03:24:58,0
20,318,Free Spins,46.14,2025-04-06 15:11:05,1
21,567,Cashback Offer,55.81,2024-10-01 04:43:26,1
22,971,Welcome Bonus,97.01,2025-01-12 17:50:14,0
23,998,VIP Reward,39.2,2025-03-18 11:30:22,0
24,454,Welcome Bonus,5.57,2024-07-27 12:10:54,0
25,396,Free Spins,10.79,2024-04-30 08:31:58,0
26,271,Welcome Bonus,83.54,2025-03-14 01:52:19,1
27,581,Free Spins,81.09,2025-04-01 14:41:10,1
28,322,Cashback Offer,27.22,2025-03-30 13:06:22,0
29,175,Cashback Offer,58.57,2024-11-08 13:04:08,1
30,818,Free Spins,69.31,2024-06-04 18:56:00,0
31,695,VIP Reward,5.31,2024-10-27 00:48:38,1
32,316,Cashback Offer,93.29,2024-06-08 20:40:25,0
33,949,Free Spins,84.42,2025-01-19 07:25:03,0
34,892,Cashback Offer,66.08,2024-12-13 18:13:46,0
35,160,VIP Reward,83.72,2025-01-02 22:31:13,0
36,755,Free Spins,62.02,2024-09-14 23:18:06,0
37,227,Cashback Offer,36.02,2024-10-01 00:58:48,1
38,78,Welcome Bonus,69.14,2024-10-27 23:04:43,1
39,669,VIP Reward,38.75,2024-07-19 14:09:52,0
40,538,VIP Reward,15.12,2024-12-30 08:23:20,1
41,455,Free Spins,51.57,2024-05-14 02:22:49,1
42,646,VIP Reward,79.83,2024-06-27 08:34:48,0
43,262,Free Spins,72.32,2024-12-14 18:31:40,1
44,410,Free Spins,10.39,2024-05-03 17:39:05,1
45,232,Welcome Bonus,17.4,2024-05-31 08:46:38,1
46,102,VIP Reward,35.69,2024-08-21 20:18:43,0
47,836,Free Spins,76.47,2024-09-17 00:47:27,1
48,-1,Welcome Bonus,29.28,2025-03-13 16:19:36,0
49,514,Cashback Offer,39.88,2024-04-20 12:01:08,1
50,386,Cashback Offer,37.64,2024-10-13 21:18:07,1
51,958,Welcome Bonus,61.71,2024-10-03 12:15:41,0
52,535,Cashback Offer,87.29,2024-11-02 09:56:25,1
53,560,Welcome Bonus,36.61,2024-06-28 11:15:40,0
54,456,Free Spins,48.54,2024-07-10 06:33:38,0
55,658,Free Spins,80.52,2024-05-11 19:55:01,1
56,750,VIP Reward,21.16,2024-08-11 16:24:40,1
57,700,Free Spins,55.04,2024-04-23 05:55:27,0
58,587,Welcome Bonus,53.15,2024-09-12 10:50:23,0
59,167,VIP Reward,14.54,2024-07-29 12:07:47,1
60,558,Welcome Bonus,54.87,2025-01-30 19:29:57,0
61,105,Free Spins,82.07,2024-09-07 08:33:35,1
62,634,Cashback Offer,44.53,2024-08-18 21:10:35,1
63,392,Welcome Bonus,35.71,2024-08-13 16:25:17,1
64,944,Welcome Bonus,14.37,2024-06-05 13:43:32,0
65,874,Free Spins,84.92,2024-04-22 10:14:22,0
66,707,Welcome Bonus,48.98,2024-06-17 11:57:01,1
67,494,VIP Reward,69.33,2024-10-25 01:15:19,0
68,824,Free Spins,53.78,2024-08-18 06:18:45,0
69,541,Cashback Offer,64.32,2024-07-30 05:50:54,1
70,543,Welcome Bonus,23.39,2025-01-06 21:04:27,1
71,-1,Free Spins,39.87,2025-02-27 09:17:56,1
72,56,Welcome Bonus,8.9,2024-07-11 16:50:01,0
73,490,VIP Reward,93.8,2024-12-17 19:27:05,0
74,435,Free Spins,69.19,2025-02-07 18:30:15,0
75,162,Free Spins,55.13,2024-10-13 16:45:14,1
76,432,Cashback Offer,83.02,2024-12-16 07:50:52,0
77,585,Cashback Offer,60.47,2025-03-07 11:58:48,1
78,467,Free Spins,22.99,2024-09-25 23:39:16,1
79,218,Free Spins,49.31,2024-08-10 19:34:54,0
80,904,Free Spins,24.95,2024-07-15 22:46:53,1
81,63,Cashback Offer,65.18,2025-03-14 16:17:57,0
82,58,Welcome Bonus,61.05,2024-12-16 15:21:18,1
83,740,VIP Reward,9.75,2024-09-13 09:18:48,0
84,716,Welcome Bonus,75.94,2024-06-01 03:27:04,0
85,197,Free Spins,69.73,2024-06-13 05:55:56,0
86,257,VIP Reward,78.2,2024-08-02 03:38:58,1
87,840,VIP Reward,98.96,2024-12-12 03:12:04,1
88,605,Welcome Bonus,44.89,2024-12-31 18:01:29,1
89,754,Free Spins,21.95,2024-10-22 20:34:22,0
90,29,Welcome Bonus,59.59,2024-09-20 21:35:16,1
91,211,Free Spins,38.2,2024-07-25 04:06:07,0
92,192,Cashback Offer,61.71,2024-04-28 19:59:45,0
93,90,Cashback Offer,62.48,2024-11-03 13:38:49,0
94,91,Welcome Bonus,18.17,2024-04-13 04:00:28,1
95,921,Cashback Offer,16.72,2024-07-27 20:22:44,0
96,514,VIP Reward,85.63,2024-09-04 09:51:22,1
97,-1,VIP Reward,23.14,2024-10-27 04:58:57,1
98,624,VIP Reward,21.13,2024-08-25 05:16:15,1
99,318,VIP Reward,24.72,2025-03-21 12:21:55,1
100,754,Welcome Bonus,10.84,2024-11-16 22:03:37,0
101,567,Cashback Offer,14.66,2024-11-15 12:56:58,0
102,548,VIP Reward,31.68,2024-11-10 17:27:25,0
103,508,Free Spins,60.81,2024-06-12 14:45:10,0
104,997,Cashback Offer,13.39,2025-01-05 17:05:16,1
105,394,VIP Reward,79.89,2024-12-03 23:30:41,1
106,104,VIP Reward,95.68,2024-10-16 18:18:53,0
107,312,Free Spins,69.02,2024-04-19 11:05:40,0
108,415,VIP Reward,71.48,2025-02-01 12:50:01,1
109,277,Free Spins,41.18,2024-07-03 01:48:09,1
110,342,Cashback Offer,96.87,2024-11-28 02:16:08,1
111,9,VIP Reward,95.99,2024-10-07 01:30:09,0
112,-1,Welcome Bonus,69.58,2024-06-09 12:00:09,1
113,538,Cashback Offer,61.07,2025-02-20 19:11:54,0
114,760,VIP Reward,79.92,2024-09-10 22:54:19,0
115,141,Welcome Bonus,80.48,2024-12-26 19:26:30,0
116,483,VIP Reward,42.9,2024-08-03 07:31:28,0
117,938,Cashback Offer,98.3,2024-04-09 04:24:33,1
118,997,VIP Reward,93.77,2024-12-20 07:46:24,1
119,145,VIP Reward,79.46,2025-01-24 20:40:18,1
120,280,Free Spins,65.71,2024-05-28 04:40:29,0
121,162,Welcome Bonus,73.5,2024-05-25 14:07:03,0
122,259,Free Spins,97.01,2025-01-13 22:29:29,0
123,292,Cashback Offer,96.87,2024-11-17 11:11:09,1
124,104,Welcome Bonus,43.96,2024-08-01 08:19:30,1
125,821,VIP Reward,92.03,2024-08-01 08:25:51,1
126,785,Welcome Bonus,97.87,2024-05-06 10:40:52,1
127,198,VIP Reward,54.48,2024-08-28 04:29:10,1
128,855,VIP Reward,93.25,2024-06-03 04:15:13,0
129,950,VIP Reward,15.72,2025-01-30 05:45:17,0
130,471,VIP Reward,75.31,2024-10-06 01:09:52,0
131,492,Free Spins,14.89,2024-07-27 10:50:28,0
132,907,Cashback Offer,24.27,2024-09-06 18:13:28,0
133,408,VIP Reward,35.56,2024-09-16 07:27:03,0
134,452,VIP Reward,73.6,2024-09-13 14:56:18,0
135,654,Welcome Bonus,7.19,2024-09-04 05:26:19,0
136,495,Cashback Offer,89.16,2024-08-23 19:07:44,0
137,585,Welcome Bonus,59.08,2025-02-16 23:02:55,0
138,175,Free Spins,97.64,2024-07-17 20:37:02,0
139,777,Free Spins,5.62,2024-07-04 17:40:48,1
140,835,Cashback Offer,32.5,2025-01-24 16:10:08,1
141,832,Free Spins,56.51,2025-01-23 15:34:16,1
142,778,Free Spins,12.55,2024-09-14 04:19:00,1
143,137,Welcome Bonus,31.05,2024-07-03 15:40:05,1
144,409,Free Spins,9.46,2024-05-22 05:48:58,1
145,656,VIP Reward,92.31,2024-04-13 12:10:10,0
146,514,Free Spins,91.17,2024-12-25 14:59:03,0
147,902,Cashback Offer,84.4,2024-09-25 10:57:01,1
148,747,Free Spins,91.53,2025-01-16 11:55:57,0
149,954,VIP Reward,28.85,2024-05-28 08:40:32,0
150,934,Cashback Offer,16.77,2024-05-13 05:08:48,1
151,595,VIP Reward,27.53,2024-05-01 05:11:11,0
152,55,Welcome Bonus,59.23,2024-05-07 02:42:40,0
153,153,VIP Reward,62.69,2024-05-13 12:40:12,1
154,51,Free Spins,25.2,2024-06-08 07:24:56,1
155,758,Welcome Bonus,98.27,2024-07-10 14:18:01,1
156,712,Cashback Offer,81.99,2025-03-12 17:04:08,0
157,-1,Free Spins,55.28,2024-11-19 06:00:05,0
158,-1,Cashback Offer,36.71,2025-03-28 07:54:36,1
159,117,Free Spins,82.87,2024-12-07 06:20:30,1
160,236,Welcome Bonus,90.48,2025-03-21 22:25:43,1
161,65,Free Spins,14.5,2025-02-15 23:08:12,1
162,315,Welcome Bonus,49.42,2024-09-24 00:49:40,0
163,392,Welcome Bonus,44.2,2024-07-29 12:36:55,1
164,725,Free Spins,52.52,2025-03-02 18:24:50,1
165,404,Cashback Offer,77.52,2024-05-19 15:42:53,0
166,984,Welcome Bonus,75.12,2025-03-15 11:16:44,1
167,930,Cashback Offer,61.98,2024-07-17 16:58:53,1
168,450,Free Spins,59.54,2024-09-02 16:28:14,0
169,448,Free Spins,47.71,2024-10-28 22:36:18,0
170,575,VIP Reward,39.25,2025-01-30 23:28:34,0
171,278,Welcome Bonus,37.1,2024-05-04 17:23:43,1
172,613,Welcome Bonus,34.33,2024-10-23 22:35:22,1
173,868,Welcome Bonus,25.69,2024-08-13 03:48:38,0
174,303,VIP Reward,10.46,2025-04-06 05:33:33,1
175,760,Free Spins,80.96,2024-12-23 08:49:30,1
176,261,Free Spins,73.43,2024-08-10 19:15:58,0
177,120,Free Spins,44.22,2024-09-02 06:42:08,1
178,41,Welcome Bonus,51.42,2024-12-01 06:41:24,1
179,560,Free Spins,40.63,2025-01-03 01:12:41,0
180,149,Free Spins,65.1,2024-05-07 02:35:14,0
181,451,Welcome Bonus,37.99,2024-09-28 19:57:27,1
182,570,Cashback Offer,62.15,2024-12-09 23:01:30,0
183,714,Welcome Bonus,10.76,2025-01-07 18:58:35,0
184,51,Free Spins,5.44,2024-06-20 14:35:20,1
185,943,Free Spins,74.27,2025-01-25 16:39:25,0
186,585,Free Spins,64.71,2024-10-31 06:53:06,1
187,604,Cashback Offer,12.3,2025-04-05 07:41:25,0
188,432,Cashback Offer,18.76,2024-12-10 12:47:47,0
189,526,Welcome Bonus,61.93,2024-06-13 11:19:47,1
190,837,Welcome Bonus,94.25,2025-02-12 19:42:58,0
191,914,Welcome Bonus,80.16,2024-08-12 15:42:40,0
192,142,Cashback Offer,6.42,2025-02-28 17:33:01,1
193,10,Welcome Bonus,41.52,2024-11-28 03:55:14,1
194,707,Free Spins,95.29,2024-10-04 07:22:29,0
195,84,Cashback Offer,52.36,2025-02-02 02:01:03,1
196,433,VIP Reward,85.11,2024-07-11 04:33:55,1
197,416,VIP Reward,73.71,2024-12-04 13:35:08,0
198,806,Welcome Bonus,87.4,2025-01-28 06:26:41,1
199,959,Free Spins,12.64,2024-06-07 18:21:25,1
200,256,Free Spins,52.84,2024-04-22 07:38:58,1
201,286,Free Spins,95.64,2024-11-12 17:49:30,1
202,-1,Welcome Bonus,15.17,2025-01-16 02:56:08,0
203,341,Free Spins,85.81,2025-02-09 08:13:52,0
204,812,Free Spins,20.96,2024-08-13 18:38:04,0
205,738,Free Spins,58.74,2025-03-29 13:30:22,0
206,318,Cashback Offer,7.39,2025-01-05 21:11:56,1
207,117,Cashback Offer,67.37,2024-10-09 00:00:28,0
208,773,Welcome Bonus,10.2,2024-05-13 14:20:07,0
209,115,VIP Reward,48.39,2024-10-30 02:10:19,0
210,663,VIP Reward,36.98,2024-12-05 10:34:49,0
211,973,Free Spins,59.09,2024-08-11 21:32:54,0
212,437,Welcome Bonus,19.41,2024-11-06 22:29:29,1
213,381,Free Spins,82.6,2024-08-04 14:23:54,1
214,89,Welcome Bonus,92.42,2024-05-15 15:59:41,1
215,671,Free Spins,33.27,2025-02-17 22:41:09,1
216,114,Welcome Bonus,84.53,2024-12-07 12:18:19,0
217,158,Cashback Offer,50.22,2024-08-01 01:53:34,0
218,132,Welcome Bonus,64.51,2025-04-07 17:43:43,0
219,8,Free Spins,90.32,2024-09-25 08:02:40,0
220,258,Cashback Offer,95.6,2024-10-10 19:23:44,0
221,351,Free Spins,17.03,2024-12-10 14:33:38,1
222,805,Cashback Offer,74.2,2025-03-06 00:17:45,1
223,440,VIP Reward,78.36,2024-06-12 21:35:38,1
224,481,VIP Reward,61.43,2025-03-01 00:19:00,0
225,535,Welcome Bonus,37.87,2024-09-22 00:36:27,0
226,348,Cashback Offer,65.2,2024-06-15 21:25:54,1
227,509,VIP Reward,82.58,2024-05-02 00:02:47,0
228,169,Free Spins,63.92,2024-08-23 18:01:35,0
229,989,Free Spins,86.85,2024-08-05 13:30:06,1
230,691,Free Spins,49.91,2024-08-26 06:37:14,0
231,572,Cashback Offer,86.36,2024-08-24 18:29:32,0
232,455,Cashback Offer,65.97,2024-09-28 00:44:09,0
233,665,Free Spins,56.82,2024-09-22 10:30:12,0
234,904,VIP Reward,34.21,2025-01-11 08:22:47,1
235,27,Cashback Offer,89.71,2025-04-06 20:21:17,0
236,612,VIP Reward,93.65,2024-10-23 14:23:42,0
237,270,Free Spins,87.47,2024-06-08 19:16:12,0
238,965,Cashback Offer,40.51,2024-05-22 23:17:47,0
239,931,Cashback Offer,71.88,2024-06-22 02:34:41,0
240,140,Free Spins,96.81,2025-03-13 07:57:19,0
241,463,Cashback Offer,49.67,2024-10-17 03:51:42,0
242,382,Free Spins,96.63,2024-07-23 23:51:19,0
243,717,Welcome Bonus,46.49,2025-01-28 06:29:06,1
244,690,Cashback Offer,27.16,2024-06-17 06:16:04,0
245,626,Welcome Bonus,6.91,2024-12-05 20:45:54,0
246,976,Free Spins,86.81,2024-07-07 03:55:00,0
247,933,VIP Reward,70.83,2025-03-01 05:22:44,1
248,447,Cashback Offer,88.21,2024-08-26 13:39:30,0
249,881,Free Spins,75.11,2024-12-08 04:44:08,1
250,222,Welcome Bonus,56.34,2024-04-16 03:53:48,0
251,780,Free Spins,77.61,2025-03-23 11:44:59,0
252,826,Cashback Offer,35.58,2024-11-11 18:51:58,0
253,403,Cashback Offer,31.8,2024-06-01 10:56:02,1
254,723,Free Spins,61.52,2024-06-10 20:59:31,1
255,-1,Free Spins,35.23,2024-04-22 17:48:13,0
256,135,Free Spins,87.89,2024-07-15 13:36:32,1
257,917,Cashback Offer,74.63,2025-01-02 11:07:40,1
258,621,VIP Reward,46.13,2025-03-14 05:32:11,1
259,14,VIP Reward,87.62,2025-03-20 13:51:27,0
260,258,Cashback Offer,41.93,2025-02-20 22:03:59,1
261,241,Cashback Offer,58.13,2024-10-17 16:16:37,0
262,-1,Cashback Offer,38.96,2024-09-13 04:31:50,0
263,801,Free Spins,42.28,2024-11-03 17:23:56,0
264,737,VIP Reward,12.08,2024-10-14 03:05:35,1
265,41,Cashback Offer,56.93,2024-06-06 22:42:42,0
266,746,Free Spins,99.98,2024-12-01 11:45:31,0
267,173,Free Spins,18.2,2024-08-05 14:01:23,0
268,573,Welcome Bonus,83.12,2024-08-17 08:42:24,1
269,16,Welcome Bonus,57.3,2024-10-23 20:57:10,0
270,87,Free Spins,15.23,2025-01-18 03:50:37,1
271,196,Cashback Offer,32.37,2025-03-08 16:54:10,0
272,139,Cashback Offer,27.11,2024-06-04 10:53:30,0
273,939,Welcome Bonus,6.03,2024-08-28 08:00:16,0
274,119,VIP Reward,42.09,2024-12-22 14:34:01,0
275,286,VIP Reward,46.0,2024-06-06 07:05:01,1
276,942,Cashback Offer,11.45,2025-02-08 19:38:30,1
277,294,Cashback Offer,64.17,2024-10-16 21:51:06,0
278,616,Welcome Bonus,56.01,2024-04-09 05:37:19,1
279,589,Cashback Offer,57.55,2024-11-06 11:48:13,1
280,154,Welcome Bonus,13.51,2024-08-27 21:40:01,0
281,694,Welcome Bonus,83.01,2024-05-23 22:36:18,0
282,408,VIP Reward,70.0,2024-06-25 07:23:50,1
283,657,Cashback Offer,77.18,2024-08-04 02:49:21,1
284,706,VIP Reward,37.44,2024-05-04 03:18:37,1
285,210,VIP Reward,44.24,2025-03-15 03:03:26,0
286,880,Free Spins,26.93,2024-08-14 22:29:57,0
287,810,VIP Reward,51.03,2024-06-11 15:03:30,1
288,202,VIP Reward,97.89,2025-01-19 20:01:51,0
289,543,Welcome Bonus,34.21,2024-04-27 13:46:20,1
290,655,Cashback Offer,22.25,2024-10-14 13:07:21,0
291,170,VIP Reward,29.49,2024-11-29 08:04:21,0
292,243,VIP Reward,50.78,2024-12-06 14:04:27,1
293,324,Welcome Bonus,26.5,2024-12-27 16:54:36,1
294,276,Welcome Bonus,22.73,2024-10-12 07:31:46,0
295,368,Welcome Bonus,60.85,2024-07-10 10:02:22,1
296,803,Cashback Offer,53.17,2024-09-14 01:13:35,1
297,940,Cashback Offer,30.73,2024-07-06 11:05:32,0
298,578,VIP Reward,63.66,2024-11-16 08:26:40,0
299,833,Cashback Offer,51.29,2024-07-24 20:38:40,1
300,529,Welcome Bonus,90.15,2025-03-11 08:29:36,1
301,790,VIP Reward,10.98,2024-07-31 06:03:25,0
302,680,Cashback Offer,27.02,2025-02-27 15:03:41,0
303,111,Cashback Offer,64.78,2024-10-12 01:50:51,0
304,997,VIP Reward,28.16,2025-02-28 11:45:41,1
305,758,Free Spins,59.22,2024-09-13 23:24:04,1
306,583,VIP Reward,85.28,2024-04-24 18:08:15,0
307,324,Welcome Bonus,11.47,2024-04-15 17:56:52,1
308,144,Cashback Offer,99.93,2024-11-30 02:13:34,0
309,366,Cashback Offer,45.4,2025-03-26 03:24:23,0
310,875,VIP Reward,77.71,2025-01-09 11:21:03,0
311,882,Free Spins,52.59,2024-05-06 07:20:39,0
312,510,Cashback Offer,69.02,2024-11-12 14:17:09,0
313,632,Welcome Bonus,46.57,2025-02-07 11:12:30,1
314,346,Cashback Offer,87.46,2024-09-18 02:57:03,0
315,789,Free Spins,25.85,2024-09-11 11:47:59,1
316,632,Cashback Offer,60.26,2024-06-02 06:10:28,1
317,228,VIP Reward,12.24,2025-02-23 06:30:11,0
318,899,VIP Reward,31.5,2024-11-09 13:08:15,1
319,502,Free Spins,32.25,2025-03-21 09:08:51,1
320,735,Cashback Offer,51.59,2024-07-14 21:37:10,0
321,371,Free Spins,11.45,2025-01-22 10:46:56,1
322,162,Welcome Bonus,80.59,2024-08-11 16:52:57,0
323,385,VIP Reward,29.32,2024-12-29 23:20:19,0
324,678,VIP Reward,28.44,2025-04-05 14:01:53,1
325,444,VIP Reward,50.61,2025-02-07 07:33:25,1
326,570,VIP Reward,80.8,2025-02-09 05:11:14,0
327,857,Welcome Bonus,66.83,2024-10-16 22:10:14,0
328,607,Cashback Offer,41.62,2024-10-23 19:51:29,1
329,639,Cashback Offer,72.16,2024-11-28 13:32:02,0
330,244,Welcome Bonus,99.04,2024-07-13 14:58:24,0
331,729,Cashback Offer,52.42,2024-12-27 16:09:22,0
332,58,VIP Reward,28.03,2024-09-19 03:43:45,1
333,632,Welcome Bonus,32.73,2024-09-26 15:06:28,0
334,461,Cashback Offer,28.02,2024-04-22 06:01:21,1
335,739,Free Spins,63.8,2025-04-02 10:55:02,0
336,920,Free Spins,63.7,2024-10-12 11:33:33,0
337,6,Welcome Bonus,16.65,2024-06-30 01:39:31,1
338,654,Free Spins,99.35,2024-11-28 13:42:26,0
339,816,Free Spins,34.27,2024-10-07 08:32:42,1
340,171,Welcome Bonus,76.29,2024-07-07 04:44:15,0
341,853,Cashback Offer,55.15,2024-11-22 14:27:03,0
342,305,VIP Reward,11.51,2025-04-06 04:05:19,0
343,934,VIP Reward,27.17,2024-05-02 10:07:10,1
344,532,Free Spins,70.67,2025-01-03 06:31:32,1
345,561,Free Spins,97.3,2024-08-04 06:31:07,0
346,270,Cashback Offer,98.46,2025-01-23 14:58:18,0
347,229,Welcome Bonus,59.53,2024-12-08 10:09:57,1
348,765,VIP Reward,64.27,2024-11-18 18:02:56,1
349,859,Free Spins,76.08,2024-09-12 05:08:47,0
350,881,Cashback Offer,38.74,2024-06-21 21:20:47,1
351,780,Free Spins,11.42,2024-12-23 19:39:05,1
352,291,Welcome Bonus,83.39,2024-04-12 15:46:56,1
353,621,Cashback Offer,51.06,2025-02-19 12:35:06,0
354,640,Free Spins,32.34,2024-05-25 19:22:37,1
355,301,Welcome Bonus,97.81,2025-03-25 14:18:06,0
356,638,Free Spins,20.06,2024-10-29 00:00:05,0
357,515,Cashback Offer,76.09,2025-03-12 20:34:37,0
358,49,VIP Reward,19.12,2024-11-08 10:21:01,1
359,509,Cashback Offer,23.07,2024-10-26 01:53:18,0
360,736,VIP Reward,17.11,2024-09-18 20:35:28,1
361,808,Free Spins,67.34,2024-11-24 18:06:52,0
362,662,Welcome Bonus,76.27,2024-04-12 21:50:50,1
363,497,Welcome Bonus,22.07,2024-04-24 19:09:19,0
364,748,Free Spins,95.85,2024-06-14 17:47:54,0
365,144,Free Spins,7.16,2025-03-18 12:05:05,1
366,887,Welcome Bonus,20.25,2024-06-05 05:52:10,0
367,372,VIP Reward,46.84,2024-04-11 13:53:56,0
368,523,VIP Reward,97.6,2025-03-21 19:57:34,0
369,752,Free Spins,99.58,2024-10-04 02:54:46,1
370,330,Cashback Offer,62.78,2024-04-23 15:09:42,1
371,755,Free Spins,17.6,2024-07-01 11:54:12,1
372,141,Cashback Offer,25.0,2025-01-20 07:20:19,1
373,89,Free Spins,47.46,2024-05-30 10:49:16,0
374,467,VIP Reward,52.82,2024-12-24 14:41:09,0
375,479,VIP Reward,7.86,2024-09-18 04:29:09,1
376,331,Cashback Offer,13.82,2024-06-03 04:11:16,0
377,364,Cashback Offer,43.64,2024-08-14 11:47:58,0
378,550,Cashback Offer,50.03,2024-04-29 06:56:30,0
379,731,Welcome Bonus,58.39,2025-02-14 07:32:59,0
380,919,Free Spins,25.66,2024-12-25 13:28:46,0
381,548,Welcome Bonus,50.59,2024-11-25 03:05:29,1
382,147,Free Spins,23.63,2025-04-05 02:19:39,0
383,884,Free Spins,16.34,2024-12-20 12:40:56,0
384,443,VIP Reward,86.69,2025-03-18 22:20:53,1
385,36,Cashback Offer,70.55,2024-07-06 19:37:31,1
386,104,Cashback Offer,57.32,2024-09-27 17:36:57,1
387,273,Free Spins,44.01,2024-06-13 21:15:20,1
388,832,VIP Reward,51.24,2024-11-02 15:41:17,1
389,458,Welcome Bonus,23.0,2024-06-30 04:11:32,0
390,524,VIP Reward,17.71,2025-01-27 12:02:48,0
391,716,Cashback Offer,52.01,2024-12-27 12:04:09,0
392,165,VIP Reward,28.89,2024-08-13 09:08:41,0
393,467,VIP Reward,29.42,2024-11-14 13:08:21,0
394,300,Welcome Bonus,72.51,2025-02-25 01:41:50,0
395,293,VIP Reward,11.18,2024-07-05 08:31:38,1
396,836,VIP Reward,11.98,2024-05-29 04:24:49,1
397,256,Cashback Offer,97.71,2024-09-06 12:00:41,1
398,53,Free Spins,20.89,2024-05-08 16:13:03,1
399,-1,Cashback Offer,99.04,2024-06-21 06:23:57,0
400,202,Cashback Offer,46.16,2024-07-12 09:04:39,0
401,73,Welcome Bonus,94.27,2024-11-14 12:44:42,1
402,684,Free Spins,65.3,2024-07-30 11:54:45,1
403,47,VIP Reward,67.28,2024-05-15 01:18:53,0
404,490,Welcome Bonus,92.37,2024-10-20 21:00:43,0
405,887,Welcome Bonus,41.92,2024-10-07 15:24:52,0
406,708,Welcome Bonus,19.04,2024-06-30 03:18:00,0
407,260,Free Spins,21.98,2025-03-03 03:54:16,0
408,748,Cashback Offer,76.3,2025-01-03 23:10:09,1
409,698,Free Spins,68.14,2024-06-03 06:07:51,0
410,272,Free Spins,66.94,2024-07-05 00:37:03,1
411,442,Free Spins,6.35,2024-11-14 21:18:36,1
412,965,Welcome Bonus,98.82,2024-06-28 11:10:16,1
413,981,Welcome Bonus,57.65,2024-08-28 03:09:05,1
414,620,Cashback Offer,31.27,2024-12-24 08:16:19,0
415,922,Welcome Bonus,76.72,2024-05-07 01:41:49,0
416,-1,Cashback Offer,31.52,2024-07-07 17:48:26,0
417,646,Welcome Bonus,40.13,2024-09-05 17:43:19,1
418,259,Cashback Offer,67.62,2024-08-07 04:14:52,0
419,708,Free Spins,75.11,2024-06-20 05:02:26,1
420,136,VIP Reward,24.33,2024-10-31 23:13:51,0
421,14,Welcome Bonus,71.47,2024-05-25 05:29:48,0
422,414,Welcome Bonus,86.86,2024-04-25 07:35:24,1
423,494,Welcome Bonus,93.36,2024-12-30 00:56:34,1
424,857,Welcome Bonus,11.99,2024-06-18 15:16:05,0
425,831,Cashback Offer,86.67,2024-05-10 22:25:55,0
426,915,Cashback Offer,80.53,2024-04-11 00:06:57,0
427,758,Welcome Bonus,49.66,2024-09-16 21:16:37,0
428,762,Free Spins,20.41,2024-09-01 21:30:18,1
429,468,Cashback Offer,75.1,2025-03-22 06:11:39,1
430,87,Free Spins,74.74,2025-03-25 16:47:06,1
431,674,VIP Reward,71.06,2024-06-08 21:28:33,1
432,755,Cashback Offer,80.45,2024-11-03 04:12:43,0
433,921,Welcome Bonus,65.21,2025-02-06 11:37:19,1
434,472,Welcome Bonus,31.44,2024-08-19 01:41:58,1
435,544,VIP Reward,19.91,2024-04-13 00:58:36,1
436,541,VIP Reward,14.34,2024-10-13 04:11:59,1
437,325,VIP Reward,86.81,2024-05-29 14:54:11,0
438,112,Cashback Offer,67.4,2024-12-31 18:20:30,1
439,722,Cashback Offer,16.95,2024-08-19 12:20:26,0
440,510,Free Spins,95.43,2024-04-13 05:40:29,0
441,332,Welcome Bonus,64.84,2024-06-25 02:59:35,1
442,305,Free Spins,82.08,2024-08-25 23:34:42,1
443,21,VIP Reward,96.78,2024-04-19 00:50:48,1
444,729,Welcome Bonus,9.98,2024-04-17 16:26:36,1
445,72,Free Spins,60.25,2024-06-04 08:54:06,0
446,690,Welcome Bonus,93.62,2024-12-03 19:28:41,0
447,579,VIP Reward,59.18,2025-03-08 11:56:04,0
448,375,Cashback Offer,15.81,2025-02-28 12:43:48,0
449,415,Free Spins,63.39,2025-01-19 20:27:01,1
450,104,Cashback Offer,65.03,2024-08-30 11:51:06,1
451,294,Free Spins,86.29,2024-10-13 01:00:13,1
452,724,Welcome Bonus,95.44,2024-05-12 08:09:47,0
453,512,Free Spins,86.56,2024-09-21 11:59:47,1
454,964,Welcome Bonus,48.52,2024-11-25 17:18:19,0
455,96,Welcome Bonus,42.47,2025-01-26 14:34:13,0
456,-1,Cashback Offer,65.76,2024-05-18 03:26:17,0
457,658,Free Spins,92.87,2024-11-28 17:30:56,1
458,66,Welcome Bonus,13.37,2024-10-05 21:35:34,1
459,67,Free Spins,76.93,2024-05-05 23:07:14,0
460,228,Free Spins,39.72,2024-11-27 02:57:27,1
461,718,Welcome Bonus,38.3,2024-05-10 04:45:27,1
462,704,Welcome Bonus,79.45,2024-05-27 14:25:03,0
463,351,Free Spins,27.52,2024-04-12 02:13:55,0
464,394,Welcome Bonus,44.17,2024-10-11 20:29:48,0
465,588,Free Spins,85.38,2024-12-26 17:29:12,1
466,137,Free Spins,24.45,2024-07-30 06:19:31,0
467,355,Free Spins,39.12,2024-05-06 15:44:17,0
468,395,Cashback Offer,90.64,2025-02-14 12:17:00,1
469,79,VIP Reward,51.51,2025-03-19 06:39:41,0
470,228,VIP Reward,85.34,2024-12-24 04:14:40,0
471,118,Free Spins,74.29,2024-08-07 21:45:26,1
472,577,Free Spins,69.24,2024-05-08 22:43:40,0
473,912,Free Spins,31.15,2024-07-04 13:24:34,1
474,364,VIP Reward,58.37,2024-04-19 18:58:00,1
475,410,Cashback Offer,30.74,2024-06-14 14:13:55,1
476,348,VIP Reward,84.12,2025-03-11 03:41:06,1
477,665,Welcome Bonus,65.39,2025-01-17 22:21:45,0
478,574,Free Spins,27.13,2025-02-16 10:43:44,0
479,-1,Welcome Bonus,76.06,2024-04-22 06:33:14,1
480,734,Cashback Offer,10.87,2024-04-23 06:36:32,0
481,506,VIP Reward,93.17,2024-09-08 08:31:57,1
482,130,Cashback Offer,84.1,2024-12-03 06:12:55,1
483,191,Welcome Bonus,78.7,2024-11-27 03:04:02,1
484,792,VIP Reward,20.36,2024-12-04 10:03:05,1
485,609,Free Spins,62.0,2024-04-15 06:55:05,1
486,853,Cashback Offer,11.12,2024-05-17 15:07:23,0
487,372,Welcome Bonus,99.35,2024-05-16 17:11:59,0
488,669,Welcome Bonus,51.65,2024-09-10 01:13:59,0
489,585,Free Spins,11.19,2025-02-24 22:39:18,0
490,452,Welcome Bonus,20.67,2024-05-28 16:02:11,0
491,512,Free Spins,17.44,2025-02-11 17:09:39,0
492,561,Welcome Bonus,16.42,2025-02-10 11:51:03,0
493,479,VIP Reward,62.88,2024-04-20 19:48:09,1
494,699,Cashback Offer,64.8,2025-01-20 21:00:37,0
495,45,Cashback Offer,27.17,2024-12-17 21:41:01,1
496,856,VIP Reward,72.15,2024-09-16 17:32:57,0
497,51,Free Spins,48.39,2024-11-01 22:59:55,1
498,412,Free Spins,62.95,2024-09-27 01:44:53,1
499,886,Free Spins,86.59,2024-06-27 21:53:09,0
500,659,Welcome Bonus,88.4,2024-07-15 06:20:02,0
501,414,Welcome Bonus,35.69,2025-02-07 12:21:50,0
502,846,Free Spins,93.99,2024-05-07 20:53:07,0
503,963,Free Spins,72.52,2024-12-20 00:10:58,0
504,800,VIP Reward,88.07,2024-05-26 02:01:50,1
505,630,Cashback Offer,12.39,2024-09-07 11:32:44,0
506,772,Free Spins,37.83,2024-11-18 18:22:08,0
507,756,Cashback Offer,66.09,2024-12-12 14:32:57,0
508,-1,VIP Reward,74.46,2025-03-27 17:36:29,0
509,516,Free Spins,56.9,2024-08-26 01:17:39,0
510,482,VIP Reward,44.54,2024-11-08 16:35:08,1
511,473,Cashback Offer,6.78,2024-12-22 17:40:32,0
512,239,Cashback Offer,96.85,2024-12-06 02:47:07,0
513,50,Cashback Offer,30.8,2025-03-05 02:31:12,1
514,578,Cashback Offer,35.08,2025-02-22 18:07:42,0
515,569,Welcome Bonus,87.24,2024-07-17 13:34:34,0
516,-1,Free Spins,65.53,2024-07-06 17:01:16,1
517,317,VIP Reward,23.18,2024-12-29 06:26:20,0
518,534,Free Spins,44.45,2024-08-04 00:19:15,0
519,923,Free Spins,39.44,2024-09-16 10:08:52,0
520,964,Cashback Offer,57.83,2024-04-24 01:08:56,1
521,-1,Cashback Offer,35.54,2024-05-09 15:30:03,1
522,979,Cashback Offer,8.59,2024-11-22 07:04:46,1
523,651,Welcome Bonus,47.47,2024-09-19 08:13:04,0
524,612,Free Spins,36.73,2024-10-25 03:14:00,0
525,822,Welcome Bonus,26.81,2024-06-09 04:08:00,0
526,795,Free Spins,42.68,2024-09-27 17:27:46,1
527,929,Free Spins,15.45,2024-07-21 15:25:58,0
528,796,Welcome Bonus,64.77,2024-08-15 18:53:09,0
529,676,Cashback Offer,97.69,2024-12-07 03:47:49,1
530,926,Free Spins,32.67,2024-05-23 18:49:47,1
531,682,VIP Reward,29.86,2024-12-12 15:21:55,1
532,553,Welcome Bonus,32.42,2024-07-21 12:26:07,1
533,672,VIP Reward,43.35,2025-03-23 09:56:15,0
534,795,Welcome Bonus,12.0,2024-08-10 03:19:07,0
535,250,Welcome Bonus,11.85,2025-04-08 17:55:17,1
536,750,Welcome Bonus,73.38,2024-09-05 02:29:53,1
537,39,Free Spins,18.48,2025-03-21 16:49:03,0
538,591,Free Spins,59.61,2024-12-03 07:21:46,0
539,591,Cashback Offer,19.15,2024-12-28 00:02:12,1
540,31,Cashback Offer,77.41,2025-03-22 23:14:14,0
541,761,Cashback Offer,15.53,2024-10-03 01:53:19,0
542,339,Welcome Bonus,37.98,2024-06-19 15:09:33,1
543,359,Welcome Bonus,60.16,2024-09-17 07:30:36,0
544,570,Free Spins,41.8,2025-03-22 02:19:41,0
545,470,VIP Reward,17.07,2024-07-10 12:12:23,1
546,90,Welcome Bonus,94.97,2024-06-03 01:34:38,1
547,729,Cashback Offer,29.71,2024-11-27 09:22:57,0
548,58,Cashback Offer,73.58,2024-12-27 13:36:13,0
549,618,VIP Reward,22.3,2024-09-04 17:53:21,1
550,639,Cashback Offer,6.67,2025-03-18 19:38:24,1
551,406,Free Spins,76.85,2024-08-17 05:48:07,0
552,219,VIP Reward,25.9,2024-10-08 15:44:52,1
553,181,Welcome Bonus,78.82,2024-08-05 15:53:35,0
554,75,Cashback Offer,63.4,2025-04-03 17:20:54,0
555,848,Welcome Bonus,53.66,2024-08-31 08:11:44,0
556,185,Welcome Bonus,27.25,2024-07-16 00:53:31,0
557,73,Welcome Bonus,41.14,2025-03-28 00:33:27,1
558,827,Free Spins,58.67,2024-10-05 18:57:33,1
559,653,Cashback Offer,23.64,2024-12-30 12:36:57,1
560,282,Free Spins,91.2,2025-02-17 01:53:24,1
561,222,Free Spins,56.28,2025-01-13 17:35:42,0
562,469,Cashback Offer,69.98,2025-01-07 15:50:03,0
563,639,Welcome Bonus,89.24,2025-01-03 11:18:46,1
564,-1,Cashback Offer,69.42,2024-09-20 01:03:44,0
565,377,Cashback Offer,58.07,2025-03-03 15:15:29,1
566,363,Free Spins,96.87,2025-03-22 03:19:45,0
567,781,VIP Reward,59.79,2024-12-17 10:47:37,0
568,7,Cashback Offer,85.34,2024-04-18 19:23:05,1
569,925,VIP Reward,34.05,2024-08-01 14:19:45,1
570,623,VIP Reward,15.34,2024-12-11 01:06:50,1
571,502,VIP Reward,64.9,2024-07-28 23:41:55,0
572,847,VIP Reward,32.5,2024-08-27 16:39:10,1
573,792,Free Spins,46.44,2025-01-27 17:13:51,1
574,-1,Welcome Bonus,57.66,2024-05-27 03:32:47,0
575,506,Free Spins,89.91,2024-04-11 14:19:39,1
576,516,Free Spins,12.52,2024-04-11 20:09:20,1
577,-1,VIP Reward,91.61,2024-12-19 08:40:46,1
578,239,VIP Reward,89.41,2024-08-14 00:00:11,0
579,383,VIP Reward,94.42,2024-05-23 09:15:49,0
580,425,Cashback Offer,72.04,2024-09-22 21:52:29,1
581,596,Cashback Offer,91.92,2025-01-26 00:41:48,0
582,244,VIP Reward,63.54,2025-03-08 10:38:26,0
583,124,Welcome Bonus,13.0,2024-06-04 07:06:15,1
584,380,Free Spins,86.98,2024-05-27 15:11:12,0
585,638,Free Spins,58.84,2024-08-13 02:38:13,1
586,685,VIP Reward,51.04,2025-04-02 12:08:42,1
587,587,Welcome Bonus,60.02,2024-08-01 22:34:48,0
588,39,Cashback Offer,76.73,2024-10-01 19:24:22,0
589,45,Cashback Offer,42.0,2025-03-31 07:21:28,0
590,45,VIP Reward,90.3,2024-04-28 08:55:23,1
591,130,Welcome Bonus,47.48,2024-12-04 16:48:31,0
592,374,Free Spins,89.75,2024-12-14 14:54:22,1
593,448,Cashback Offer,60.95,2024-07-15 22:59:04,0
594,946,Welcome Bonus,57.94,2024-04-25 14:36:23,0
595,865,Cashback Offer,86.38,2025-02-16 08:08:45,1
596,252,VIP Reward,23.53,2025-04-05 19:08:54,1
597,882,Cashback Offer,36.93,2024-09-19 01:21:50,1
598,894,Welcome Bonus,38.57,2024-06-11 20:49:06,0
599,290,Cashback Offer,15.83,2025-01-04 05:23:43,0
600,654,Free Spins,48.67,2025-01-24 08:38:20,1
601,23,VIP Reward,37.73,2025-02-25 13:58:10,1
602,683,Free Spins,75.27,2024-07-19 16:07:38,1
603,369,VIP Reward,56.24,2024-12-29 14:45:52,1
604,680,Cashback Offer,29.69,2024-07-06 19:15:53,0
605,-1,VIP Reward,65.98,2025-02-28 08:34:11,0
606,315,Free Spins,62.87,2024-08-26 16:25:59,1
607,792,Free Spins,40.92,2024-10-15 19:29:31,0
608,232,Free Spins,52.21,2024-04-29 08:15:11,0
609,223,Welcome Bonus,40.64,2025-02-23 21:19:48,0
610,728,Cashback Offer,39.17,2024-06-05 16:44:22,1
611,288,VIP Reward,68.05,2024-10-25 00:20:32,1
612,362,VIP Reward,19.27,2024-06-26 07:05:53,1
613,415,Cashback Offer,9.75,2025-04-05 10:45:27,1
614,582,VIP Reward,36.76,2024-06-14 20:50:22,1
615,594,Welcome Bonus,54.49,2024-12-17 13:28:43,0
616,141,Cashback Offer,83.89,2024-12-15 11:09:00,1
617,743,Welcome Bonus,97.02,2024-06-23 20:04:47,1
618,179,Free Spins,90.59,2025-02-03 15:42:08,1
619,298,Free Spins,50.24,2024-07-14 16:08:42,0
620,192,VIP Reward,72.64,2024-12-27 10:14:13,0
621,831,Welcome Bonus,38.16,2025-01-24 02:56:31,1
622,752,Cashback Offer,75.11,2024-10-14 17:21:29,1
623,471,VIP Reward,19.59,2025-02-09 23:17:09,0
624,694,Cashback Offer,82.78,2024-05-30 19:03:02,1
625,558,Cashback Offer,50.4,2024-07-14 20:29:38,1
626,510,Cashback Offer,97.36,2024-07-16 05:27:58,1
627,676,Cashback Offer,20.82,2024-09-04 09:42:31,0
628,78,Cashback Offer,40.59,2024-05-07 05:59:26,0
629,246,VIP Reward,41.21,2025-02-18 02:26:22,0
630,343,Free Spins,42.74,2024-08-01 06:19:09,1
631,555,Cashback Offer,59.63,2025-02-06 10:08:22,0
632,522,VIP Reward,28.72,2025-01-05 21:44:30,0
633,533,VIP Reward,11.76,2025-03-20 03:04:20,0
634,625,Free Spins,74.41,2024-10-08 06:34:28,1
635,262,VIP Reward,37.79,2025-03-17 04:52:00,1
636,619,Welcome Bonus,87.32,2024-12-19 16:12:32,1
637,203,Free Spins,90.43,2025-02-25 00:55:31,1
638,42,Welcome Bonus,15.71,2024-04-10 19:45:01,0
639,192,Welcome Bonus,61.38,2024-07-05 13:57:54,1
640,6,Welcome Bonus,35.81,2025-02-17 06:37:46,0
641,821,Welcome Bonus,71.79,2025-01-23 01:38:05,1
642,771,Cashback Offer,31.35,2025-03-13 04:20:43,1
643,278,Free Spins,88.12,2025-03-15 08:06:36,0
644,674,Free Spins,94.07,2024-04-18 16:38:35,1
645,805,Cashback Offer,89.33,2024-09-25 22:47:22,0
646,153,Cashback Offer,38.88,2024-09-01 15:17:06,1
647,925,VIP Reward,17.85,2024-04-10 16:33:17,1
648,905,VIP Reward,24.08,2024-09-17 11:02:22,0
649,30,Cashback Offer,36.42,2024-05-08 08:29:25,0
650,345,VIP Reward,36.15,2024-09-11 05:25:03,1
651,59,Cashback Offer,67.01,2024-06-21 10:08:58,1
652,518,Free Spins,37.65,2024-08-28 17:10:50,0
653,60,Cashback Offer,64.64,2025-02-11 08:27:30,1
654,999,Cashback Offer,39.33,2024-11-26 18:29:32,0
655,351,Welcome Bonus,91.82,2025-01-23 12:07:16,1
656,711,Cashback Offer,75.82,2024-12-01 23:21:16,1
657,819,VIP Reward,89.23,2025-02-04 23:09:40,1
658,159,Free Spins,12.3,2024-12-16 04:41:49,0
659,883,Cashback Offer,24.2,2024-10-23 19:43:05,0
660,290,Free Spins,82.37,2024-10-26 12:25:46,1
661,983,Cashback Offer,51.54,2024-05-16 09:08:19,0
662,83,Cashback Offer,59.45,2024-09-27 10:42:12,0
663,84,VIP Reward,40.79,2024-08-28 10:57:58,0
664,775,VIP Reward,74.03,2024-10-13 09:18:28,1
665,635,Free Spins,9.44,2024-07-29 12:20:38,1
666,176,Welcome Bonus,63.75,2024-10-17 04:49:52,1
667,785,VIP Reward,22.24,2024-10-17 13:04:56,1
668,839,VIP Reward,41.17,2025-01-05 15:31:46,0
669,721,Free Spins,57.1,2025-03-07 11:33:28,0
670,55,Free Spins,41.53,2024-09-06 20:05:15,0
671,317,Cashback Offer,18.16,2024-08-06 16:28:26,1
672,542,VIP Reward,61.75,2024-04-11 10:09:02,0
673,756,Cashback Offer,52.19,2024-09-26 01:22:50,0
674,456,Welcome Bonus,40.26,2024-10-02 05:01:11,1
675,245,VIP Reward,45.5,2024-05-29 04:31:59,0
676,976,Cashback Offer,23.96,2025-03-19 05:17:51,0
677,229,Welcome Bonus,54.74,2024-05-30 08:06:14,1
678,801,Free Spins,27.3,2025-04-06 01:15:21,1
679,912,Free Spins,45.47,2024-05-26 13:03:57,1
680,491,Welcome Bonus,32.75,2025-01-30 04:19:10,0
681,285,VIP Reward,15.38,2024-09-09 10:43:59,1
682,-1,Cashback Offer,19.8,2024-12-11 20:38:02,0
683,769,VIP Reward,58.02,2024-09-17 01:52:35,1
684,161,Welcome Bonus,54.22,2025-03-22 18:57:40,0
685,516,Free Spins,29.57,2024-07-14 00:47:44,0
686,700,Free Spins,17.01,2024-05-30 01:39:09,0
687,931,Cashback Offer,28.85,2024-04-26 16:13:13,0
688,909,VIP Reward,39.31,2024-04-23 01:23:05,1
689,467,Free Spins,90.76,2024-06-07 08:32:02,1
690,192,Free Spins,46.89,2024-11-19 18:04:01,0
691,313,Welcome Bonus,24.06,2024-05-20 08:11:23,0
692,784,Welcome Bonus,76.96,2024-10-23 14:20:52,0
693,815,VIP Reward,71.66,2024-10-16 00:02:21,0
694,772,Welcome Bonus,66.37,2024-07-12 01:29:17,1
695,953,Free Spins,69.48,2025-02-04 04:06:36,0
696,951,Cashback Offer,39.15,2024-12-17 12:38:30,1
697,545,Cashback Offer,84.55,2024-05-14 10:24:48,0
698,600,Cashback Offer,21.07,2024-09-03 12:14:57,0
699,632,Welcome Bonus,90.54,2024-11-03 01:13:56,0
700,76,VIP Reward,8.14,2024-09-26 03:43:35,1
701,607,Free Spins,78.5,2024-10-04 08:52:22,0
702,85,VIP Reward,71.62,2025-03-21 22:26:00,1
703,384,Cashback Offer,26.5,2025-03-14 13:54:28,0
704,177,Free Spins,8.97,2024-11-21 20:21:52,1
705,566,Welcome Bonus,27.96,2024-12-31 15:49:46,1
706,882,VIP Reward,93.86,2024-09-08 14:40:08,1
707,178,Cashback Offer,60.04,2024-05-04 01:19:30,1
708,649,Free Spins,42.61,2024-08-07 23:05:17,0
709,765,Cashback Offer,47.58,2024-05-23 16:13:20,0
710,366,VIP Reward,39.64,2024-12-01 10:26:51,0
711,52,VIP Reward,65.64,2024-05-26 16:22:32,1
712,371,Welcome Bonus,94.15,2025-01-16 08:30:16,1
713,834,VIP Reward,44.72,2024-05-31 18:22:55,0
714,693,Cashback Offer,11.11,2024-08-13 09:09:05,1
715,566,Cashback Offer,27.23,2025-03-09 12:06:29,1
716,453,VIP Reward,33.5,2025-03-08 22:29:06,1
717,514,Welcome Bonus,53.78,2024-05-20 19:03:18,1
718,261,Welcome Bonus,69.95,2024-07-15 01:43:55,1
719,945,Free Spins,34.06,2024-10-02 02:12:55,0
720,456,Cashback Offer,32.9,2024-04-17 02:11:31,0
721,-1,Welcome Bonus,93.15,2024-11-05 11:26:09,1
722,555,VIP Reward,52.5,2024-12-17 10:58:38,1
723,136,Cashback Offer,24.0,2024-11-14 15:18:52,1
724,234,Cashback Offer,93.88,2024-09-07 13:12:15,0
725,702,Cashback Offer,38.4,2024-06-18 21:54:36,0
726,102,Cashback Offer,73.72,2024-11-06 08:42:53,1
727,107,Free Spins,76.97,2025-01-07 02:37:22,1
728,820,VIP Reward,5.48,2024-08-31 04:21:16,0
729,679,Free Spins,50.65,2025-01-04 06:18:23,1
730,536,Free Spins,95.72,2024-07-17 01:57:11,1
731,661,Welcome Bonus,26.49,2025-03-22 15:55:30,1
732,334,Cashback Offer,73.33,2025-02-01 17:17:39,0
733,455,Welcome Bonus,46.11,2024-05-03 09:52:24,0
734,799,Free Spins,42.28,2024-08-25 17:41:17,1
735,34,VIP Reward,57.2,2025-04-01 21:25:47,0
736,355,Cashback Offer,82.7,2024-08-17 07:27:10,0
737,669,Welcome Bonus,76.34,2024-05-22 20:48:11,1
738,126,Free Spins,78.43,2024-07-08 01:42:27,1
739,959,Cashback Offer,76.19,2024-05-07 10:00:38,1
740,64,Welcome Bonus,5.46,2024-07-10 13:59:34,0
741,576,VIP Reward,8.7,2025-03-02 02:25:29,0
742,393,Cashback Offer,26.02,2024-09-20 06:57:43,0
743,762,Cashback Offer,65.47,2025-02-22 12:14:32,0
744,251,VIP Reward,37.7,2024-07-13 11:39:04,1
745,771,Welcome Bonus,25.3,2024-05-05 16:00:58,1
746,824,Free Spins,64.69,2024-06-30 05:16:26,1
747,458,Free Spins,48.12,2024-07-02 01:23:19,0
748,576,Cashback Offer,85.14,2024-09-12 05:47:28,0
749,435,Cashback Offer,60.89,2024-05-29 03:28:39,1
750,739,Cashback Offer,71.64,2024-08-25 19:59:24,0
751,822,Cashback Offer,16.89,2024-04-28 14:44:27,0
752,562,Free Spins,47.41,2024-10-21 01:55:46,0
753,865,Free Spins,67.01,2024-08-15 21:06:46,0
754,532,VIP Reward,55.94,2024-08-06 18:00:31,0
755,98,Cashback Offer,24.09,2024-12-18 00:48:56,1
756,829,Cashback Offer,12.24,2024-08-13 22:36:58,0
757,271,Free Spins,66.5,2024-06-17 11:22:20,1
758,632,VIP Reward,49.24,2024-08-01 11:27:13,1
759,879,VIP Reward,62.91,2024-12-15 02:32:17,0
760,78,VIP Reward,18.61,2024-04-15 22:32:32,1
761,665,Free Spins,37.2,2024-05-24 05:45:16,1
762,855,VIP Reward,67.57,2024-06-23 16:18:07,1
763,115,Welcome Bonus,27.64,2024-05-12 19:17:40,1
764,538,Cashback Offer,97.88,2024-10-18 17:11:10,1
765,327,Welcome Bonus,82.66,2025-04-05 16:21:18,1
766,197,VIP Reward,27.85,2024-11-13 07:24:44,1
767,90,Free Spins,98.95,2024-12-14 10:10:50,0
768,261,Cashback Offer,19.97,2025-02-11 20:44:33,0
769,579,Welcome Bonus,17.11,2024-08-27 19:04:32,0
770,-1,Cashback Offer,5.22,2024-09-23 22:25:23,1
771,928,Welcome Bonus,34.81,2025-04-08 08:34:38,0
772,427,VIP Reward,17.34,2024-10-21 02:48:22,1
773,71,VIP Reward,75.48,2024-09-25 13:49:37,1
774,763,Cashback Offer,25.52,2025-03-29 02:15:50,0
775,137,Free Spins,40.32,2025-02-03 06:43:18,1
776,616,VIP Reward,76.07,2024-04-12 17:00:35,0
777,829,Cashback Offer,35.14,2024-07-12 14:05:05,0
778,851,Free Spins,53.7,2024-11-07 12:15:42,1
779,602,Cashback Offer,20.87,2024-09-09 10:11:08,0
780,966,Cashback Offer,97.48,2024-12-16 22:42:34,0
781,255,Cashback Offer,53.35,2024-05-27 17:01:30,0
782,213,Cashback Offer,47.55,2024-09-01 17:00:28,1
783,125,Free Spins,61.05,2024-06-28 12:20:08,1
784,825,VIP Reward,88.1,2024-11-18 13:35:41,0
785,797,VIP Reward,19.85,2024-08-16 21:10:44,1
786,714,Welcome Bonus,24.37,2024-06-27 21:10:25,0
787,740,VIP Reward,13.71,2025-03-09 08:58:14,1
788,144,VIP Reward,39.64,2024-07-02 17:48:00,0
789,356,Cashback Offer,60.22,2025-02-21 05:51:27,1
790,52,Welcome Bonus,46.36,2024-10-30 05:21:18,1
791,406,VIP Reward,85.15,2024-09-04 23:28:38,0
792,788,Welcome Bonus,42.03,2025-02-11 00:55:37,1
793,962,Welcome Bonus,45.9,2024-05-12 03:58:53,1
794,21,VIP Reward,89.81,2024-12-05 02:19:27,1
795,19,VIP Reward,21.19,2024-07-23 07:52:30,0
796,130,Welcome Bonus,73.24,2024-06-09 12:46:34,0
797,382,Welcome Bonus,66.9,2024-11-12 23:17:38,0
798,229,VIP Reward,17.02,2024-09-21 18:05:52,0
799,538,Welcome Bonus,67.54,2024-08-14 23:51:04,1
800,923,Free Spins,79.67,2024-12-23 17:03:05,1
